title,link
The Indie Council: 2025 Indie Bingo,https://the-indie-in-former.com/2025/01/16/the-indie-council-2025-indie-bingo/
Community Spotlight: Barty’s Adventure Steam Page Up Today,https://the-indie-in-former.com/2025/01/14/community-spotlight-bartys-adventure-steam-page-up-today/
New Hyper Light Breaker Trailer Drops Ahead Of Tomorrow’s Early Access Launch,https://the-indie-in-former.com/2025/01/13/new-hyper-light-breaker-trailer-drops-ahead-of-tomorrows-early-access-launch/
Indie Game Wishlist Of 2025,https://the-indie-in-former.com/2025/01/09/indie-game-wishlist-of-2025/
25 Most Anticipated Indie Games Of 2025,https://the-indie-in-former.com/2025/01/08/25-most-anticipated-indie-games-of-2025/
2025 Indie Video Game Release Schedule,https://the-indie-in-former.com/2025/01/06/2025-indie-video-game-release-schedule/
Every Indie Shown At Day Of The Devs Game Awards Showcase 2024,https://the-indie-in-former.com/2024/12/11/every-indie-shown-at-day-of-the-devs-game-awards-showcase/
Every Indie Served At Wholesome Snack 2024: The Game Awards Edition,https://the-indie-in-former.com/2024/12/10/every-indie-served-at-wholesome-snack-2024-the-game-awards-edition/
The Indie Council Final Verdict: 2024’s Top 10 Indies,https://the-indie-in-former.com/2024/12/05/the-indie-council-final-verdict-2024s-top-10-indies/
The Indie Informer’s Incredible 2024,https://the-indie-in-former.com/2024/12/02/the-indie-informers-incredible-2024/
The Indie Council: Indie Canon,https://the-indie-in-former.com/2024/11/28/the-indie-council-indie-canon/
Ravenswatch Console Impressions: The Bookworm’s Roguelike,https://the-indie-in-former.com/2024/11/28/ravenswatch-console-impressions-the-bookworms-roguelike/
The Indie Informer Secret Stream: Spray Paint Simulator,https://the-indie-in-former.com/2024/11/27/the-indie-informer-secret-stream-spray-paint-simulator/
Devolver Delayed 2024 Airs Tomorrow,https://the-indie-in-former.com/2024/11/26/devolver-delayed-2024-airs-tomorrow/
2024 Indie Video Game Release Schedule,https://the-indie-in-former.com/2024/11/25/2024-indie-video-game-release-schedule/
The Indie Informer Plays Toads Of The Bayou,https://the-indie-in-former.com/2024/11/22/the-indie-informer-plays-toads-of-the-bayou/
